<?xml version="1.0" encoding="UTF-8" ?>
<!DOCTYPE mapper
  PUBLIC "-//mybatis.org//DTD Mapper 3.0//EN"
  "https://mybatis.org/dtd/mybatis-3-mapper.dtd">
<mapper namespace="com.ohmycar.mapper.CarMapper">

	<select id="getCarByCarId" resultType="com.ohmycar.domain.CarVO">
		SELECT * FROM car_tbl WHERE carId = #{carId}
	</select>

	<select id="getCarsByUserId">
		SELECT * FROM car_tbl WHERE userId = #{userId}
	</select>

	<insert id="registerCar" parameterType="com.ohmycar.domain.CarVO">
		INSERT INTO car_tbl (userId, carId, carSellName, carName, carType)
		VALUES (#{userId}, #{carId}, #{carSellName}, #{carName}, #{carType})
	</insert>

	<update id="updateCar" parameterType="com.ohmycar.domain.CarVO">
		UPDATE car_tbl
		SET
		carid =	#{carId},
		carsellname = #{carSellName},
		carname = #{carName},
		cartype = #{carType}
		WHERE carid = #{carId}
	</update>

	<delete id="deleteCar">
		DELETE FROM car_tbl WHERE carId = #{carId}
	</delete>

</mapper>
